{"cameraMode":{"drawMode":0,"name":"Shaded","section":"Shading Mode"},"sceneLighting":false,"audioPlay":false,"sceneViewState":{"showFog":true,"showMaterialUpdate":true,"showSkybox":true,"showFlares":true,"showImageEffects":true,"showParticleSystems":true},"in2DMode":false,"pivot":{"x":268.3949890136719,"y":-37.2139892578125,"z":-33.64552307128906},"rotation":{"x":0.13804061710834504,"y":-0.8614906072616577,"z":0.36049163341522219,"w":0.32988572120666506},"size":199.50033569335938,"orthographic":false}